<?xml version="1.0" encoding="UTF-8"?>
<fonts>
	<fontset id="Default" idloc="15109">
		<!-- Normal Fonts -->
		<font>
			<name>font10</name>
			<filename>NotoSans-Regular.ttf</filename>
			<size>23</size>
			<style>lighten</style>
		</font>
		<font>
			<name>font12</name>
			<filename>NotoSans-Regular.ttf</filename>
			<size>25</size>
			<style>lighten</style>
		</font>
		<font>
			<name>font13</name>
			<filename>NotoSans-Regular.ttf</filename>
			<size>30</size>
			<style>lighten</style>
		</font>
		<font>
			<name>font14</name>
			<filename>NotoSans-Regular.ttf</filename>
			<size>33</size>
			<style>lighten</style>
		</font>
		<font>
			<name>font23_narrow</name>
			<filename>NotoSans-Regular.ttf</filename>
			<size>23</size>
			<style>lighten</style>
			<linespacing>0.8</linespacing>
		</font>
		<font>
			<name>font25_narrow</name>
			<filename>NotoSans-Regular.ttf</filename>
			<size>25</size>
			<style>lighten</style>
			<linespacing>0.8</linespacing>
		</font>
		<font>
			<name>font27</name>
			<filename>NotoSans-Regular.ttf</filename>
			<size>27</size>
			<style>lighten</style>
		</font>
		<font>
			<name>font27_narrow</name>
			<filename>NotoSans-Regular.ttf</filename>
			<size>27</size>
			<style>lighten</style>
			<linespacing>0.8</linespacing>
		</font>
		<font>
			<name>font32</name>
			<filename>NotoSans-Regular.ttf</filename>
			<size>32</size>
			<style>lighten</style>
		</font>
		<font>
			<name>font37</name>
			<filename>NotoSans-Regular.ttf</filename>
			<size>37</size>
			<style>lighten</style>
		</font>
		<font>
			<name>font45</name>
			<filename>NotoSans-Regular.ttf</filename>
			<size>45</size>
			<style>lighten</style>
		</font>
		<font>
			<name>font60</name>
			<filename>NotoSans-Regular.ttf</filename>
			<size>60</size>
			<style>lighten</style>
		</font>
		<font>
			<name>font_clock</name>
			<filename>Roboto-Thin.ttf</filename>
			<size>70</size>
		</font>
		<!-- Title Fonts -->
		<font>
			<name>font_flag</name>
			<filename>NotoSans-Regular.ttf</filename>
			<size>18</size>
			<style>bold</style>
		</font>
		<font>
			<name>font20_title</name>
			<filename>NotoSans-Regular.ttf</filename>
			<size>20</size>
			<style>bold</style>
		</font>
		<font>
			<name>font25_title</name>
			<filename>NotoSans-Regular.ttf</filename>
			<size>25</size>
			<style>bold</style>
		</font>
		<font>
			<name>font30_title</name>
			<filename>NotoSans-Regular.ttf</filename>
			<size>30</size>
			<style>bold</style>
		</font>
		<font>
			<name>font32_title</name>
			<filename>NotoSans-Regular.ttf</filename>
			<size>32</size>
			<style>bold</style>
		</font>
		<font>
			<name>font36_title</name>
			<filename>NotoSans-Regular.ttf</filename>
			<size>36</size>
			<style>bold</style>
		</font>
		<font>
			<name>font40_title</name>
			<filename>NotoSans-Regular.ttf</filename>
			<size>40</size>
			<style>bold</style>
		</font>
		<font>
			<name>font45_title</name>
			<filename>NotoSans-Regular.ttf</filename>
			<size>45</size>
			<style>bold</style>
		</font>
		<font>
			<name>font52_title</name>
			<filename>NotoSans-Regular.ttf</filename>
			<size>52</size>
			<style>bold</style>
		</font>
		<font>
			<name>font_MainMenu</name>
			<filename>NotoSans-Regular.ttf</filename>
			<size>60</size>
			<style>bold</style>
		</font>
		<font>
			<name>WeatherTemp</name>
			<aspect>0.85</aspect>
			<filename>NotoSans-Regular.ttf</filename>
			<size>120</size>
			<style>bold</style>
		</font>
		<font>
			<name>Mono26</name>
			<filename>NotoMono-Regular.ttf</filename>
			<size>26</size>
		</font>

        <!-- OSMC Add-ons Fonts|Start -->
        <!-- OSMC Add-ons Fonts|>720p -->

        <font>
            <name>osmc_addon_XLarge</name>
            <filename>NotoSans-Regular.ttf</filename>
            <linespacing>0.94</linespacing>
            <size>48</size>
            </font>
        <font>
            <name>osmc_addon_Large</name>
            <filename>NotoSans-Regular.ttf</filename>
            <linespacing>0.94</linespacing>
            <size>43</size>
            </font>
        <font>
            <name>osmc_addon_Med</name>
            <filename>NotoSans-Regular.ttf</filename>
            <linespacing>0.94</linespacing>
            <size>38</size>
            </font>
        <font>
            <name>osmc_addon_Small</name>
            <filename>NotoSans-Regular.ttf</filename>
            <linespacing>0.94</linespacing>
            <size>33</size>
            </font>
        <font>
            <name>osmc_addon_XSmall</name>
            <filename>NotoSans-Regular.ttf</filename>
            <linespacing>0.94</linespacing>
            <size>28</size>
            </font>
        <font>
            <name>osmc_addon_font13</name>
            <filename>Arial.ttf</filename>
            <linespacing>0.94</linespacing>
            <size>21</size>
        </font>

        <!-- OSMC Add-ons Fonts|720p -->

        <font>
            <name>osmc_addon_720_XLarge</name>
            <filename>NotoSans-Regular.ttf</filename>
            <linespacing>0.94</linespacing>
            <size>32</size>
        </font>
        <font>
            <name>osmc_addon_720_Large</name>
            <filename>NotoSans-Regular.ttf</filename>
            <linespacing>0.94</linespacing>
            <size>29</size>
        </font>
        <font>
            <name>osmc_addon_720_Med</name>
            <filename>NotoSans-Regular.ttf</filename>
            <linespacing>0.94</linespacing>
            <size>25</size>
        </font>
        <font>
            <name>osmc_addon_720_Small</name>
            <filename>NotoSans-Regular.ttf</filename>
            <linespacing>0.94</linespacing>
            <size>22</size>
        </font>
        <font>
            <name>osmc_addon_720_XSmall</name>
            <filename>NotoSans-Regular.ttf</filename>
            <linespacing>0.94</linespacing>
            <size>19</size>
        </font>
        <font>
            <name>osmc_addon_720_font13</name>
            <filename>Arial.ttf</filename>
            <linespacing>0.94</linespacing>
            <size>14</size>
        </font>

        <!-- OSMC Add-ons Fonts|End -->

	</fontset>
	<fontset id="Arial" idloc="31053">
		<!-- Arial Font better for non English -->
		<font>
			<name>font10</name>
			<filename>arial.ttf</filename>
			<size>18</size>
		</font>
		<font>
			<name>font12</name>
			<filename>arial.ttf</filename>
			<size>22</size>
		</font>
		<font>
			<name>font13</name>
			<filename>arial.ttf</filename>
			<size>27</size>
		</font>
		<font>
			<name>font14</name>
			<filename>arial.ttf</filename>
			<size>30</size>
		</font>
		<font>
			<name>font23_narrow</name>
			<filename>arial.ttf</filename>
			<size>23</size>
			<linespacing>0.8</linespacing>
		</font>
		<font>
			<name>font25_narrow</name>
			<filename>arial.ttf</filename>
			<size>25</size>
			<linespacing>0.8</linespacing>
		</font>
		<font>
			<name>font27</name>
			<filename>arial.ttf</filename>
			<size>27</size>
		</font>
		<font>
			<name>font27_narrow</name>
			<filename>arial.ttf</filename>
			<size>27</size>
			<linespacing>0.8</linespacing>
		</font>
		<font>
			<name>font32</name>
			<filename>arial.ttf</filename>
			<size>32</size>
		</font>
		<font>
			<name>font37</name>
			<filename>arial.ttf</filename>
			<size>37</size>
		</font>
		<font>
			<name>font45</name>
			<filename>arial.ttf</filename>
			<size>45</size>
		</font>
		<font>
			<name>font60</name>
			<filename>arial.ttf</filename>
			<size>60</size>
			<style>lighten</style>
		</font>
		<font>
			<name>font_clock</name>
			<filename>arial.ttf</filename>
			<size>70</size>
			<style>lighten</style>
		</font>
		<!-- Title Fonts -->
		<font>
			<name>font_flag</name>
			<filename>arial.ttf</filename>
			<size>18</size>
		</font>
		<font>
			<name>font20_title</name>
			<filename>arial.ttf</filename>
			<size>20</size>
			<style>bold</style>
		</font>
		<font>
			<name>font25_title</name>
			<filename>arial.ttf</filename>
			<size>25</size>
			<style>bold</style>
		</font>
		<font>
			<name>font30_title</name>
			<filename>arial.ttf</filename>
			<size>30</size>
			<style>bold</style>
		</font>

		<font>
			<name>font32_title</name>
			<filename>arial.ttf</filename>
			<size>32</size>
			<style>bold</style>
		</font>
		<font>
			<name>font36_title</name>
			<filename>arial.ttf</filename>
			<size>36</size>
			<style>bold</style>
		</font>
		<font>
			<name>font40_title</name>
			<filename>arial.ttf</filename>
			<size>40</size>
			<style>bold</style>
		</font>
		<font>
			<name>font45_title</name>
			<filename>arial.ttf</filename>
			<size>45</size>
			<style>bold</style>
		</font>
		<font>
			<name>font52_title</name>
			<filename>arial.ttf</filename>
			<size>52</size>
			<style>bold</style>
		</font>
		<font>
			<name>font_MainMenu</name>
			<filename>arial.ttf</filename>
			<size>52</size>
			<style>bold</style>
		</font>
		<font>
			<name>WeatherTemp</name>
			<aspect>0.75</aspect>
			<filename>arial.ttf</filename>
			<size>120</size>
			<style>bold</style>
		</font>
		<font>
			<name>Mono26</name>
			<filename>arial.ttf</filename>
			<size>26</size>
		</font>

        <!-- OSMC Add-ons Fonts|Start -->
        <!-- OSMC Add-ons Fonts|>720p -->

        <font>
            <name>osmc_addon_XLarge</name>
            <filename>NotoSans-Regular.ttf</filename>
            <linespacing>0.94</linespacing>
            <size>48</size>
            </font>
        <font>
            <name>osmc_addon_Large</name>
            <filename>NotoSans-Regular.ttf</filename>
            <linespacing>0.94</linespacing>
            <size>43</size>
            </font>
        <font>
            <name>osmc_addon_Med</name>
            <filename>NotoSans-Regular.ttf</filename>
            <linespacing>0.94</linespacing>
            <size>38</size>
            </font>
        <font>
            <name>osmc_addon_Small</name>
            <filename>NotoSans-Regular.ttf</filename>
            <linespacing>0.94</linespacing>
            <size>33</size>
            </font>
        <font>
            <name>osmc_addon_XSmall</name>
            <filename>NotoSans-Regular.ttf</filename>
            <linespacing>0.94</linespacing>
            <size>28</size>
            </font>
        <font>
            <name>osmc_addon_font13</name>
            <filename>Arial.ttf</filename>
            <linespacing>0.94</linespacing>
            <size>21</size>
        </font>

        <!-- OSMC Add-ons Fonts|720p -->

        <font>
            <name>osmc_addon_720_XLarge</name>
            <filename>NotoSans-Regular.ttf</filename>
            <linespacing>0.94</linespacing>
            <size>32</size>
        </font>
        <font>
            <name>osmc_addon_720_Large</name>
            <filename>NotoSans-Regular.ttf</filename>
            <linespacing>0.94</linespacing>
            <size>29</size>
        </font>
        <font>
            <name>osmc_addon_720_Med</name>
            <filename>NotoSans-Regular.ttf</filename>
            <linespacing>0.94</linespacing>
            <size>25</size>
        </font>
        <font>
            <name>osmc_addon_720_Small</name>
            <filename>NotoSans-Regular.ttf</filename>
            <linespacing>0.94</linespacing>
            <size>22</size>
        </font>
        <font>
            <name>osmc_addon_720_XSmall</name>
            <filename>NotoSans-Regular.ttf</filename>
            <linespacing>0.94</linespacing>
            <size>19</size>
        </font>
        <font>
            <name>osmc_addon_720_font13</name>
            <filename>Arial.ttf</filename>
            <linespacing>0.94</linespacing>
            <size>14</size>
        </font>

        <!-- OSMC Add-ons Fonts|End -->

	</fontset>
</fonts>
